2025-04-08	2025/2025-04-08/DSC02230.ARW	DSC02230.avif
2025-04-08	2025/2025-04-08/DSC02232.ARW	DSC02232.avif
2025-04-08	2025/2025-04-08/DSC02234.ARW	DSC02234.avif
2025-04-08	2025/2025-04-08/DSC02237.ARW	DSC02237.avif
2025-04-04	2025/2025-04-04/DSC01386.ARW	DSC01386.avif
2025-04-24	2025/2025-04-24/DSC03969.ARW	DSC03969.avif
2025-04-24	2025/2025-04-24/DSC04021.ARW	DSC04021.avif
2025-04-24	2025/2025-04-24/DSC04609.ARW	DSC04609.avif
2025-04-24	2025/2025-04-24/DSC04684.ARW	DSC04684.avif
2025-04-24	2025/2025-04-24/DSC04865.ARW	DSC04865.avif
2025-04-24	2025/2025-04-24/DSC04887.ARW	DSC04887.avif
2025-04-24	2025/2025-04-24/DSC05049.ARW	DSC05049.avif
2025-02-28	2025/2025-02-28/DSC01164.ARW	DSC01164.avif
2025-02-28	2025/2025-02-28/DSC01167.ARW	DSC01167.avif
2025-02-28	2025/2025-02-28/DSC01252.ARW	DSC01252.avif
2025-02-28	2025/2025-02-28/DSC01285.ARW	DSC01285.avif
2025-02-03	2025/2025-02-03 蛇年春晚/David/表演/DSC02369.JPG	DSC02369.avif
2025-02-03	2025/2025-02-03 蛇年春晚/David/表演/DSC02380.JPG	DSC02380.avif
2025-02-03	2025/2025-02-03 蛇年春晚/David/表演/DSC02411.JPG	DSC02411.avif
2025-02-03	2025/2025-02-03 蛇年春晚/David/表演/DSC02426.JPG	DSC02426.avif
2025-02-03	2025/2025-02-03 蛇年春晚/David/表演/DSC02441.JPG	DSC02441.avif
2025-02-03	2025/2025-02-03 蛇年春晚/David/表演/DSC02447.JPG	DSC02447.avif
2025-02-03	2025/2025-02-03 蛇年春晚/David/表演/DSC02452.JPG	DSC02452.avif
2025-02-03	2025/2025-02-03 蛇年春晚/David/表演/DSC02457.JPG	DSC02457.avif
2025-02-03	2025/2025-02-03 蛇年春晚/David/表演/DSC02467.JPG	DSC024672.avif
2025-02-16	2025/2025-02-16/DSC00548.ARW	DSC00548.avif
2025-02-16	2025/2025-02-16/DSC00557.ARW	DSC00557.avif
2025-02-16	2025/2025-02-16/DSC00608.ARW	DSC00608.avif
2025-02-16	2025/2025-02-16/DSC00629.ARW	DSC00629.avif
2025-02-17	2025/2025-02-17/DSC00950.ARW	DSC00950.avif
2025-02-17	2025/2025-02-17/DSC01099.ARW	DSC01099.avif
2025-02-17	2025/2025-02-17/DSC01102.ARW	DSC01102.avif
2025-04-13	2025/2025-04-13/DSC02372.ARW	DSC02372.avif
2025-04-13	2025/2025-04-13/DSC02467.ARW	DSC02467.avif
2025-04-13	2025/2025-04-13/DSC02470.ARW	DSC02470.avif
2025-04-13	2025/2025-04-13/DSC02630.ARW	DSC02630.avif
2025-04-13	2025/2025-04-13/DSC02702.ARW	DSC02702.avif
2025-04-13	2025/2025-04-13/DSC02759.ARW	DSC02759.avif
2025-04-13	2025/2025-04-13/DSC02788.ARW	DSC02788.avif
2025-04-13	2025/2025-04-13/DSC02857.ARW	DSC02857.avif
2025-04-13	2025/2025-04-13/DSC02900.ARW	DSC02900.avif
2025-04-13	2025/2025-04-13/DSC03059.ARW	DSC03059.avif
2025-04-13	2025/2025-04-13/DSC03225.ARW	DSC03225.avif
2025-04-13	2025/2025-04-13/DSC03243.ARW	DSC03243.avif
2025-04-13	2025/2025-04-13/DSC03244.ARW	DSC03244.avif
2025-04-13	2025/2025-04-13/DSC03555.ARW	DSC03555.avif
2025-04-13	2025/2025-04-13/DSC03559.ARW	DSC03559.avif
2025-04-13	2025/2025-04-13/DSC03589.ARW	DSC03589.avif
2025-04-13	2025/2025-04-13/DSC03703.ARW	DSC03703.avif
2025-05-07	2025/2025-05-07/DSC05624.ARW	DSC05624.avif
2025-05-14	2025/2025-05-14/_R000153.DNG	_R000153.avif
2025-05-16	2025/2025-05-16/_R000511.JPG	_R000511.avif
2025-05-22	2025/2025-05-22/R0000783.JPG	R0000783.avif
2025-05-22	2025/2025-05-22/R0000788.JPG	R0000788.avif
2025-05-23	2025/2025-05-23/R0000829.JPG	R0000829.avif
2025-05-23	2025/2025-05-23/R0000831.JPG	R0000831.avif
2025-05-23	2025/2025-05-23/R0000842.JPG	R0000842.avif
2025-05-24	2025/2025-05-24/R0000865.JPG	R0000865.avif
2025-05-24	2025/2025-05-24/R0000887.JPG	R0000887.avif
2025-05-25	2025/2025-05-25/R0000901.JPG	R0000901.avif
2025-05-25	2025/2025-05-25/R0000994.JPG	R0000994.avif
2025-05-25	2025/2025-05-25/R0001030.JPG	R0001030.avif
2025-05-25	2025/2025-05-25/R0001037.JPG	R0001037.avif
2025-05-27	2025/2025-05-27/R0001152.JPG	R0001152.avif
2025-05-27	2025/2025-05-27/R0001231.JPG	R0001231.avif
2025-05-27	2025/2025-05-27/R0001267.JPG	R0001267.avif
2025-05-27	2025/2025-05-27/R0001270.JPG	R0001270.avif
2022-10-16	2022/2022-10-16/WJC06929.ARW	WJC06929.avif
2022-10-16	2022/2022-10-16/WJC06931.ARW	WJC06931.avif
2022-10-16	2022/2022-10-16/WJC06947.ARW	WJC06947.avif
2022-10-16	2022/2022-10-16/WJC06950.ARW	WJC06950.avif
2024-12-26	2024/2024-12-26/DSC00135.JPG	DSC00135.avif
2024-12-26	2024/2024-12-26/DSC00138.JPG	DSC00138.avif
2024-12-26	2024/2024-12-26/DSC00147.JPG	DSC00147.avif
2024-12-28	2024/2024-12-28/DSC00184.JPG	DSC00184.avif