2025-04-08	/Volumes/home/Photos/Photography/2025/2025-04-08/DSC02230.ARW	DSC02230.avif
2025-04-08	/Volumes/home/Photos/Photography/2025/2025-04-08/DSC02232.ARW	DSC02232.avif
2025-04-08	/Volumes/home/Photos/Photography/2025/2025-04-08/DSC02234.ARW	DSC02234.avif
2025-04-08	/Volumes/home/Photos/Photography/2025/2025-04-08/DSC02237.ARW	DSC02237.avif
2025-04-04	/Volumes/home/Photos/Photography/2025/2025-04-04/DSC01386.ARW	DSC01386.avif
2025-04-24	/Volumes/home/Photos/Photography/2025/2025-04-24/DSC03969.ARW	DSC03969.avif
2025-04-24	/Volumes/home/Photos/Photography/2025/2025-04-24/DSC04021.ARW	DSC04021.avif
2025-04-24	/Volumes/home/Photos/Photography/2025/2025-04-24/DSC04609.ARW	DSC04609.avif
2025-04-24	/Volumes/home/Photos/Photography/2025/2025-04-24/DSC04684.ARW	DSC04684.avif
2025-04-24	/Volumes/home/Photos/Photography/2025/2025-04-24/DSC04865.ARW	DSC04865.avif
2025-04-24	/Volumes/home/Photos/Photography/2025/2025-04-24/DSC04887.ARW	DSC04887.avif
2025-04-24	/Volumes/home/Photos/Photography/2025/2025-04-24/DSC05049.ARW	DSC05049.avif
2025-02-28	/Volumes/home/Photos/Photography/2025/2025-02-28/DSC01164.ARW	DSC01164.avif
2025-02-28	/Volumes/home/Photos/Photography/2025/2025-02-28/DSC01167.ARW	DSC01167.avif
2025-02-28	/Volumes/home/Photos/Photography/2025/2025-02-28/DSC01252.ARW	DSC01252.avif
2025-02-28	/Volumes/home/Photos/Photography/2025/2025-02-28/DSC01285.ARW	DSC01285.avif
2025-02-03	/Volumes/home/Photos/Photography/2025/2025-02-03 蛇年春晚/David/表演/DSC02369.JPG	DSC02369.avif
2025-02-03	/Volumes/home/Photos/Photography/2025/2025-02-03 蛇年春晚/David/表演/DSC02380.JPG	DSC02380.avif
2025-02-03	/Volumes/home/Photos/Photography/2025/2025-02-03 蛇年春晚/David/表演/DSC02411.JPG	DSC02411.avif
2025-02-03	/Volumes/home/Photos/Photography/2025/2025-02-03 蛇年春晚/David/表演/DSC02426.JPG	DSC02426.avif
2025-02-03	/Volumes/home/Photos/Photography/2025/2025-02-03 蛇年春晚/David/表演/DSC02441.JPG	DSC02441.avif
2025-02-03	/Volumes/home/Photos/Photography/2025/2025-02-03 蛇年春晚/David/表演/DSC02447.JPG	DSC02447.avif
2025-02-03	/Volumes/home/Photos/Photography/2025/2025-02-03 蛇年春晚/David/表演/DSC02452.JPG	DSC02452.avif
2025-02-03	/Volumes/home/Photos/Photography/2025/2025-02-03 蛇年春晚/David/表演/DSC02457.JPG	DSC02457.avif
2025-02-03	/Volumes/home/Photos/Photography/2025/2025-02-03 蛇年春晚/David/表演/DSC02467.JPG	DSC024672.avif
2025-02-16	/Volumes/home/Photos/Photography/2025/2025-02-16/DSC00548.ARW	DSC00548.avif
2025-02-16	/Volumes/home/Photos/Photography/2025/2025-02-16/DSC00557.ARW	DSC00557.avif
2025-02-16	/Volumes/home/Photos/Photography/2025/2025-02-16/DSC00608.ARW	DSC00608.avif
2025-02-16	/Volumes/home/Photos/Photography/2025/2025-02-16/DSC00629.ARW	DSC00629.avif
2025-02-17	/Volumes/home/Photos/Photography/2025/2025-02-17/DSC00950.ARW	DSC00950.avif
2025-02-17	/Volumes/home/Photos/Photography/2025/2025-02-17/DSC01099.ARW	DSC01099.avif
2025-02-17	/Volumes/home/Photos/Photography/2025/2025-02-17/DSC01102.ARW	DSC01102.avif
2025-04-13	/Volumes/home/Photos/Photography/2025/2025-04-13/DSC02372.ARW	DSC02372.avif
2025-04-13	/Volumes/home/Photos/Photography/2025/2025-04-13/DSC02467.ARW	DSC02467.avif
2025-04-13	/Volumes/home/Photos/Photography/2025/2025-04-13/DSC02470.ARW	DSC02470.avif
2025-04-13	/Volumes/home/Photos/Photography/2025/2025-04-13/DSC02630.ARW	DSC02630.avif
2025-04-13	/Volumes/home/Photos/Photography/2025/2025-04-13/DSC02702.ARW	DSC02702.avif
2025-04-13	/Volumes/home/Photos/Photography/2025/2025-04-13/DSC02788.ARW	DSC02788.avif
2025-04-13	/Volumes/home/Photos/Photography/2025/2025-04-13/DSC02857.ARW	DSC02857.avif
2025-04-13	/Volumes/home/Photos/Photography/2025/2025-04-13/DSC02900.ARW	DSC02900.avif
2025-04-13	/Volumes/home/Photos/Photography/2025/2025-04-13/DSC03059.ARW	DSC03059.avif
2025-04-13	/Volumes/home/Photos/Photography/2025/2025-04-13/DSC03225.ARW	DSC03225.avif
2025-04-13	/Volumes/home/Photos/Photography/2025/2025-04-13/DSC03243.ARW	DSC03243.avif
2025-04-13	/Volumes/home/Photos/Photography/2025/2025-04-13/DSC03244.ARW	DSC03244.avif
2025-04-13	/Volumes/home/Photos/Photography/2025/2025-04-13/DSC03555.ARW	DSC03555.avif
2025-04-13	/Volumes/home/Photos/Photography/2025/2025-04-13/DSC03559.ARW	DSC03559.avif
2025-04-13	/Volumes/home/Photos/Photography/2025/2025-04-13/DSC03589.ARW	DSC03589.avif
2025-04-13	/Volumes/home/Photos/Photography/2025/2025-04-13/DSC03703.ARW	DSC03703.avif
2025-05-07	/Volumes/home/Photos/Photography/2025/2025-05-07/DSC05624.ARW	DSC05624.avif
2025-05-14	/Volumes/home/Photos/Photography/2025/2025-05-14/_R000153.DNG	_R000153.avif
2025-05-16	/Volumes/home/Photos/Photography/2025/2025-05-16/_R000511.JPG	_R000511.avif
2025-05-22	/Volumes/home/Photos/Photography/2025/2025-05-22/R0000783.JPG	R0000783.avif
2025-05-22	/Volumes/home/Photos/Photography/2025/2025-05-22/R0000788.JPG	R0000788.avif
2025-05-23	/Volumes/home/Photos/Photography/2025/2025-05-23/R0000829.JPG	R0000829.avif
2025-05-23	/Volumes/home/Photos/Photography/2025/2025-05-23/R0000831.JPG	R0000831.avif
2025-05-23	/Volumes/home/Photos/Photography/2025/2025-05-23/R0000842.JPG	R0000842.avif
2025-05-24	/Volumes/home/Photos/Photography/2025/2025-05-24/R0000865.JPG	R0000865.avif
2025-05-24	/Volumes/home/Photos/Photography/2025/2025-05-24/R0000887.JPG	R0000887.avif
2025-05-25	/Volumes/home/Photos/Photography/2025/2025-05-25/R0000901.JPG	R0000901.avif
2025-05-25	/Volumes/home/Photos/Photography/2025/2025-05-25/R0000994.JPG	R0000994.avif
2025-05-25	/Volumes/home/Photos/Photography/2025/2025-05-25/R0001030.JPG	R0001030.avif
2025-05-25	/Volumes/home/Photos/Photography/2025/2025-05-25/R0001037.JPG	R0001037.avif
2025-05-27	/Volumes/home/Photos/Photography/2025/2025-05-27/R0001152.JPG	R0001152.avif
2025-05-27	/Volumes/home/Photos/Photography/2025/2025-05-27/R0001231.JPG	R0001231.avif
2025-05-27	/Volumes/home/Photos/Photography/2025/2025-05-27/R0001267.JPG	R0001267.avif
2025-05-27	/Volumes/home/Photos/Photography/2025/2025-05-27/R0001270.JPG	R0001270.avif
2022-10-16	/Volumes/home/Photos/Photography/2022/2022-10-16/WJC06929.ARW	WJC06929.avif
2022-10-16	/Volumes/home/Photos/Photography/2022/2022-10-16/WJC06931.ARW	WJC06931.avif
2022-10-16	/Volumes/home/Photos/Photography/2022/2022-10-16/WJC06947.ARW	WJC06947.avif
2022-10-16	/Volumes/home/Photos/Photography/2022/2022-10-16/WJC06950.ARW	WJC06950.avif
2024-12-26	/Volumes/home/Photos/Photography/2024/2024-12-26/DSC00135.JPG	DSC00135.avif
2024-12-26	/Volumes/home/Photos/Photography/2024/2024-12-26/DSC00138.JPG	DSC00138.avif
2024-12-26	/Volumes/home/Photos/Photography/2024/2024-12-26/DSC00147.JPG	DSC00147.avif
2024-12-28	/Volumes/home/Photos/Photography/2024/2024-12-28/DSC00184.JPG	DSC00184.avif
2026-06-25	/Volumes/home/Photos/Photography/2026/2026-06-25/DSC04142.ARW	DSC04142.avif
2026-06-25	/Volumes/home/Photos/Photography/2026/2026-06-25/DSC04155.ARW	DSC04155.avif
2026-06-25	/Volumes/home/Photos/Photography/2026/2026-06-25/DSC04170.ARW	DSC04170.avif
2026-06-25	/Volumes/home/Photos/Photography/2026/2026-06-25/DSC04178.ARW	DSC04178.avif
2026-06-25	/Volumes/home/Photos/Photography/2026/2026-06-25/DSC04186.ARW	DSC04186.avif
2026-06-25	/Volumes/home/Photos/Photography/2026/2026-06-25/DSC04240.ARW	DSC04240.avif
2026-06-25	/Volumes/home/Photos/Photography/2026/2026-06-25/DSC04247.ARW	DSC04247.avif
2026-06-25	/Volumes/home/Photos/Photography/2026/2026-06-25/DSC04248.ARW	DSC04248.avif
2026-06-25	/Volumes/home/Photos/Photography/2026/2026-06-25/DSC04274.ARW	DSC04274.avif
2026-06-25	/Volumes/home/Photos/Photography/2026/2026-06-25/DSC04299.ARW	DSC04299.avif
2026-06-25	/Volumes/home/Photos/Photography/2026/2026-06-25/DSC04302.ARW	DSC04302.avif
2026-06-25	/Volumes/home/Photos/Photography/2026/2026-06-25/DSC04311.ARW	DSC04311.avif
2026-06-25	/Volumes/home/Photos/Photography/2026/2026-06-25/DSC04315.ARW	DSC04315.avif
2026-06-25	/Volumes/home/Photos/Photography/2026/2026-06-25/DSC04317.ARW	DSC04317.avif
2026-06-25	/Volumes/home/Photos/Photography/2026/2026-06-25/DSC04319.ARW	DSC04319.avif
2026-06-25	/Volumes/home/Photos/Photography/2026/2026-06-25/DSC04321.ARW	DSC04321.avif
2026-06-25	/Volumes/home/Photos/Photography/2026/2026-06-25/DSC04325.ARW	DSC04325.avif
2026-06-25	/Volumes/home/Photos/Photography/2026/2026-06-25/DSC04326.ARW	DSC04326.avif
2026-06-25	/Volumes/home/Photos/Photography/2026/2026-06-25/DSC04327.ARW	DSC04327.avif
2026-06-25	/Volumes/home/Photos/Photography/2026/2026-06-25/DSC04332.ARW	DSC04332.avif
2026-06-25	/Volumes/home/Photos/Photography/2026/2026-06-25/DSC04337.ARW	DSC04337.avif
2026-06-25	/Volumes/home/Photos/Photography/2026/2026-06-25/DSC04341.ARW	DSC04341.avif
2026-06-25	/Volumes/home/Photos/Photography/2026/2026-06-25/DSC04345.ARW	DSC04345.avif
2026-06-25	/Volumes/home/Photos/Photography/2026/2026-06-25/DSC04359.ARW	DSC04359.avif
2026-06-25	/Volumes/home/Photos/Photography/2026/2026-06-25/DSC04360.ARW	DSC04360.avif
2026-06-25	/Volumes/home/Photos/Photography/2026/2026-06-25/DSC04362.ARW	DSC04362.avif
2026-06-25	/Volumes/home/Photos/Photography/2026/2026-06-25/DSC04368.ARW	DSC04368.avif
2026-06-25	/Volumes/home/Photos/Photography/2026/2026-06-25/DSC04370.ARW	DSC04370.avif
2026-06-25	/Volumes/home/Photos/Photography/2026/2026-06-25/DSC04383.ARW	DSC04383.avif
2026-06-25	/Volumes/home/Photos/Photography/2026/2026-06-25/DSC04444.ARW	DSC04444.avif
2026-06-25	/Volumes/home/Photos/Photography/2026/2026-06-25/DSC04547.ARW	DSC04547.avif
2026-06-25	/Volumes/home/Photos/Photography/2026/2026-06-25/DSC04548.ARW	DSC04548.avif
2026-07-04	/Volumes/home/Photos/Photography/2026/2026-07-04/DSC06590.ARW	DSC06590.avif
2026-07-04	/Volumes/home/Photos/Photography/2026/2026-07-04/DSC06599.ARW	DSC06599.avif
2026-07-04	/Volumes/home/Photos/Photography/2026/2026-07-04/DSC06647.ARW	DSC06647.avif
2026-07-04	/Volumes/home/Photos/Photography/2026/2026-07-04/DSC06710.ARW	DSC06710.avif
2026-07-04	/Volumes/home/Photos/Photography/2026/2026-07-04/DSC06839.ARW	DSC06839.avif
2026-07-04	/Volumes/home/Photos/Photography/2026/2026-07-04/DSC06854.ARW	DSC06854.avif
2026-07-04	/Volumes/home/Photos/Photography/2026/2026-07-04/DSC06857.ARW	DSC06857.avif
2026-07-04	/Volumes/home/Photos/Photography/2026/2026-07-04/DSC06905.ARW	DSC06905.avif
2026-07-04	/Volumes/home/Photos/Photography/2026/2026-07-04/DSC06956.ARW	DSC06956.avif
2026-07-04	/Volumes/home/Photos/Photography/2026/2026-07-04/DSC07013.ARW	DSC07013.avif
2026-07-04	/Volumes/home/Photos/Photography/2026/2026-07-04/DSC07130.ARW	DSC07130.avif
2026-07-01	MISSING:/Users/david/Pictures/Concert/ASAP/DSC04631.jpg (NAS 无原图, 本机临时文件)	DSC04631.avif
2026-07-01	MISSING:/Users/david/Pictures/Concert/ASAP/DSC04647.jpg (NAS 无原图, 本机临时文件)	DSC04647.avif
2026-07-01	/Volumes/home/Photos/Photography/2026/2026-07-01/DSC04686.ARW	DSC04686.avif
2026-07-01	/Volumes/home/Photos/Photography/2026/2026-07-01/DSC04692.ARW	DSC04692.avif
2026-07-01	/Volumes/home/Photos/Photography/2026/2026-07-01/DSC04698.ARW	DSC04698.avif
2026-07-01	/Volumes/home/Photos/Photography/2026/2026-07-01/DSC04714.ARW	DSC04714.avif
2026-07-01	/Volumes/home/Photos/Photography/2026/2026-07-01/DSC04733.ARW	DSC04733.avif
2026-07-01	/Volumes/home/Photos/Photography/2026/2026-07-01/DSC04750.ARW	DSC04750.avif
2026-07-01	/Volumes/home/Photos/Photography/2026/2026-07-01/DSC04751.ARW	DSC04751.avif
2026-07-01	/Volumes/home/Photos/Photography/2026/2026-07-01/DSC04882.ARW	DSC04882.avif
2026-07-01	/Volumes/home/Photos/Photography/2026/2026-07-01/DSC05061.ARW	DSC05061.avif
2026-07-01	/Volumes/home/Photos/Photography/2026/2026-07-01/DSC05066.ARW	DSC05066.avif
2026-07-01	/Volumes/home/Photos/Photography/2026/2026-07-01/DSC05089.ARW	DSC05089.avif
2026-07-01	/Volumes/home/Photos/Photography/2026/2026-07-01/DSC05092.ARW	DSC05092.avif
2026-07-01	/Volumes/home/Photos/Photography/2026/2026-07-01/DSC05129.ARW	DSC05129.avif
2026-07-01	/Volumes/home/Photos/Photography/2026/2026-07-01/DSC05195.ARW	DSC05195.avif
2026-07-01	/Volumes/home/Photos/Photography/2026/2026-07-01/DSC05281.ARW	DSC05281.avif
2026-07-01	/Volumes/home/Photos/Photography/2026/2026-07-01/DSC05317.ARW	DSC05317.avif
2026-07-01	/Volumes/home/Photos/Photography/2026/2026-07-01/DSC05326.ARW	DSC05326.avif
2026-07-01	/Volumes/home/Photos/Photography/2026/2026-07-01/DSC05523.ARW	DSC05523.avif
2025-02-16	/Volumes/home/Photos/Photography/2025/2025-02-16/DSC00561.ARW	DSC00561.avif
2025-02-16	/Volumes/home/Photos/Photography/2025/2025-02-16/DSC00582.ARW	DSC00582.avif
2025-02-16	/Volumes/home/Photos/Photography/2025/2025-02-16/DSC00583.ARW	DSC00583.avif
2025-02-16	/Volumes/home/Photos/Photography/2025/2025-02-16/DSC00634.ARW	DSC00634.avif
2025-02-16	/Volumes/home/Photos/Photography/2025/2025-02-16/DSC00637.ARW	DSC00637.avif
2025-02-16	/Volumes/home/Photos/Photography/2025/2025-02-16/DSC00671.ARW	DSC00671.avif
2025-02-16	/Volumes/home/Photos/Photography/2025/2025-02-16/DSC00680.ARW	DSC00680.avif
2025-02-16	/Volumes/home/Photos/Photography/2025/2025-02-16/DSC00746.ARW	DSC00746.avif
2025-02-28	/Volumes/home/Photos/Photography/2025/2025-02-28/DSC01136.ARW	DSC01136.avif
2025-02-28	/Volumes/home/Photos/Photography/2025/2025-02-28/DSC01196.ARW	DSC01196.avif
2025-02-28	/Volumes/home/Photos/Photography/2025/2025-02-28/DSC01205.ARW	DSC01205.avif
2025-02-28	/Volumes/home/Photos/Photography/2025/2025-02-28/DSC01261.ARW	DSC01261.avif
2025-02-28	/Volumes/home/Photos/Photography/2025/2025-02-28/DSC01294.ARW	DSC01294.avif
2025-02-28	/Volumes/home/Photos/Photography/2025/2025-02-28/DSC01301.ARW	DSC01301.avif
2025-02-28	/Volumes/home/Photos/Photography/2025/2025-02-28/DSC01302.ARW	DSC01302.avif
2025-02-28	/Volumes/home/Photos/Photography/2025/2025-02-28/DSC01318.ARW	DSC01318.avif
2025-02-28	/Volumes/home/Photos/Photography/2025/2025-02-28/DSC01319.ARW	DSC01319.avif
2025-02-28	/Volumes/home/Photos/Photography/2025/2025-02-28/DSC01324.ARW	DSC01324.avif
2025-04-04	/Volumes/home/Photos/Photography/2025/2025-04-04/DSC01359.ARW	DSC01359.avif
2025-04-04	/Volumes/home/Photos/Photography/2025/2025-04-04/DSC01363.ARW	DSC01363.avif
2025-04-04	/Volumes/home/Photos/Photography/2025/2025-04-04/DSC01366.ARW	DSC01366.avif
2025-04-04	/Volumes/home/Photos/Photography/2025/2025-04-04/DSC01374.ARW	DSC01374.avif
2025-04-04	/Volumes/home/Photos/Photography/2025/2025-04-04/DSC01375.ARW	DSC01375.avif
2025-04-04	/Volumes/home/Photos/Photography/2025/2025-04-04/DSC01376.ARW	DSC01376.avif
2025-04-04	/Volumes/home/Photos/Photography/2025/2025-04-04/DSC01378.ARW	DSC01378.avif
2025-04-04	/Volumes/home/Photos/Photography/2025/2025-04-04/DSC01380.ARW	DSC01380.avif
2025-04-04	/Volumes/home/Photos/Photography/2025/2025-04-04/DSC01381.ARW	DSC01381.avif
2025-04-04	/Volumes/home/Photos/Photography/2025/2025-04-04/DSC01385.ARW	DSC01385.avif
2025-04-04	/Volumes/home/Photos/Photography/2025/2025-04-04/DSC01391.ARW	DSC01391.avif
2025-04-04	/Volumes/home/Photos/Photography/2025/2025-04-04/DSC01396.ARW	DSC01396.avif
2025-04-04	/Volumes/home/Photos/Photography/2025/2025-04-04/DSC01397.ARW	DSC01397.avif
2025-04-04	/Volumes/home/Photos/Photography/2025/2025-04-04/DSC01408.ARW	DSC01408.avif
2025-04-04	/Volumes/home/Photos/Photography/2025/2025-04-04/DSC01409.ARW	DSC01409.avif
2025-04-04	/Volumes/home/Photos/Photography/2025/2025-04-04/DSC01425.ARW	DSC01425.avif
2025-04-04	/Volumes/home/Photos/Photography/2025/2025-04-04/DSC01452.ARW	DSC01452.avif
2025-04-04	/Volumes/home/Photos/Photography/2025/2025-04-04/DSC01468.ARW	DSC01468.avif
2025-04-04	/Volumes/home/Photos/Photography/2025/2025-04-04/DSC01475.ARW	DSC01475.avif
2025-04-04	/Volumes/home/Photos/Photography/2025/2025-04-04/DSC01477.ARW	DSC01477.avif
2025-04-04	/Volumes/home/Photos/Photography/2025/2025-04-04/DSC01486.ARW	DSC01486.avif
2025-04-04	/Volumes/home/Photos/Photography/2025/2025-04-04/DSC01490.ARW	DSC01490.avif
2025-04-04	/Volumes/home/Photos/Photography/2025/2025-04-04/DSC01524.ARW	DSC01524.avif
2025-04-04	/Volumes/home/Photos/Photography/2025/2025-04-04/DSC01534.ARW	DSC01534.avif
2025-04-04	/Volumes/home/Photos/Photography/2025/2025-04-04/DSC01535.ARW	DSC01535.avif
2025-04-04	/Volumes/home/Photos/Photography/2025/2025-04-04/DSC01536.ARW	DSC01536.avif
2025-04-04	/Volumes/home/Photos/Photography/2025/2025-04-04/DSC01537.ARW	DSC01537.avif
2025-04-04	/Volumes/home/Photos/Photography/2025/2025-04-04/DSC01544.ARW	DSC01544.avif
2025-04-04	/Volumes/home/Photos/Photography/2025/2025-04-04/DSC01547.ARW	DSC01547.avif
2025-04-04	/Volumes/home/Photos/Photography/2025/2025-04-04/DSC01549.ARW	DSC01549.avif
2025-04-04	/Volumes/home/Photos/Photography/2025/2025-04-04/DSC01579.ARW	DSC01579.avif
2025-04-04	/Volumes/home/Photos/Photography/2025/2025-04-04/DSC01586.ARW	DSC01586.avif
2025-04-04	/Volumes/home/Photos/Photography/2025/2025-04-04/DSC01618.ARW	DSC01618.avif
2025-04-04	/Volumes/home/Photos/Photography/2025/2025-04-04/DSC01619.ARW	DSC01619.avif
2025-04-04	/Volumes/home/Photos/Photography/2025/2025-04-04/DSC01620.ARW	DSC01620.avif
2025-04-04	/Volumes/home/Photos/Photography/2025/2025-04-04/DSC01675.ARW	DSC01675.avif
2025-04-04	/Volumes/home/Photos/Photography/2025/2025-04-04/DSC01697.ARW	DSC01697.avif
2025-04-04	/Volumes/home/Photos/Photography/2025/2025-04-04/DSC01733.ARW	DSC01733.avif
2025-04-04	/Volumes/home/Photos/Photography/2025/2025-04-04/DSC01738.ARW	DSC01738.avif
2025-04-04	/Volumes/home/Photos/Photography/2025/2025-04-04/DSC01739.ARW	DSC01739.avif
2025-04-04	/Volumes/home/Photos/Photography/2025/2025-04-04/DSC01740.ARW	DSC01740.avif
2025-04-04	/Volumes/home/Photos/Photography/2025/2025-04-04/DSC01742.ARW	DSC01742.avif
2025-04-04	/Volumes/home/Photos/Photography/2025/2025-04-04/DSC01762.ARW	DSC01762.avif
2025-04-04	/Volumes/home/Photos/Photography/2025/2025-04-04/DSC01775.ARW	DSC01775.avif
2025-04-04	/Volumes/home/Photos/Photography/2025/2025-04-04/DSC01777.ARW	DSC01777.avif
2025-04-04	/Volumes/home/Photos/Photography/2025/2025-04-04/DSC01788.ARW	DSC01788.avif
2025-04-04	/Volumes/home/Photos/Photography/2025/2025-04-04/DSC01789.ARW	DSC01789.avif
2025-04-04	/Volumes/home/Photos/Photography/2025/2025-04-04/DSC01827.ARW	DSC01827.avif
2025-04-04	/Volumes/home/Photos/Photography/2025/2025-04-04/DSC01828.ARW	DSC01828.avif
2025-04-04	/Volumes/home/Photos/Photography/2025/2025-04-04/DSC01833.ARW	DSC01833.avif
2025-04-04	/Volumes/home/Photos/Photography/2025/2025-04-04/DSC01835.ARW	DSC01835.avif
2025-04-04	/Volumes/home/Photos/Photography/2025/2025-04-04/DSC01857.ARW	DSC01857.avif
2025-04-04	/Volumes/home/Photos/Photography/2025/2025-04-04/DSC01881.ARW	DSC01881.avif
2025-04-04	/Volumes/home/Photos/Photography/2025/2025-04-04/DSC01882.ARW	DSC01882.avif
2025-04-04	/Volumes/home/Photos/Photography/2025/2025-04-04/DSC01883.ARW	DSC01883.avif
2025-04-04	/Volumes/home/Photos/Photography/2025/2025-04-04/DSC01889.ARW	DSC01889.avif
2025-04-04	/Volumes/home/Photos/Photography/2025/2025-04-04/DSC01897.ARW	DSC01897.avif
2025-04-04	/Volumes/home/Photos/Photography/2025/2025-04-04/DSC01900.ARW	DSC01900.avif
2025-04-04	/Volumes/home/Photos/Photography/2025/2025-04-04/DSC01901.ARW	DSC01901.avif
2025-04-04	/Volumes/home/Photos/Photography/2025/2025-04-04/DSC01905.ARW	DSC01905.avif
2025-04-04	/Volumes/home/Photos/Photography/2025/2025-04-04/DSC01907.ARW	DSC01907.avif
2025-04-04	/Volumes/home/Photos/Photography/2025/2025-04-04/DSC01908.ARW	DSC01908.avif
2025-04-04	/Volumes/home/Photos/Photography/2025/2025-04-04/DSC01915.ARW	DSC01915.avif
2025-04-04	/Volumes/home/Photos/Photography/2025/2025-04-04/DSC01916.ARW	DSC01916.avif
2025-04-04	/Volumes/home/Photos/Photography/2025/2025-04-04/DSC01941.ARW	DSC01941.avif
2025-04-04	/Volumes/home/Photos/Photography/2025/2025-04-04/DSC01948.ARW	DSC01948.avif
2025-04-04	/Volumes/home/Photos/Photography/2025/2025-04-04/DSC01949.ARW	DSC01949.avif
2025-04-04	/Volumes/home/Photos/Photography/2025/2025-04-04/DSC01968.ARW	DSC01968.avif
2025-04-04	/Volumes/home/Photos/Photography/2025/2025-04-04/DSC01977.ARW	DSC01977.avif
2025-04-04	/Volumes/home/Photos/Photography/2025/2025-04-04/DSC01978.ARW	DSC01978.avif
2025-04-04	/Volumes/home/Photos/Photography/2025/2025-04-04/DSC01982.ARW	DSC01982.avif
2025-04-04	/Volumes/home/Photos/Photography/2025/2025-04-04/DSC01999.ARW	DSC01999.avif
2025-04-04	/Volumes/home/Photos/Photography/2025/2025-04-04/DSC02018.ARW	DSC02018.avif
2025-04-04	/Volumes/home/Photos/Photography/2025/2025-04-04/DSC02029.ARW	DSC02029.avif
2025-04-04	/Volumes/home/Photos/Photography/2025/2025-04-04/DSC02030.ARW	DSC02030.avif
2025-04-04	/Volumes/home/Photos/Photography/2025/2025-04-04/DSC02032.ARW	DSC02032.avif
2025-04-04	/Volumes/home/Photos/Photography/2025/2025-04-04/DSC02035.ARW	DSC02035.avif
2025-04-04	/Volumes/home/Photos/Photography/2025/2025-04-04/DSC02042.ARW	DSC02042.avif
2025-04-04	/Volumes/home/Photos/Photography/2025/2025-04-04/DSC02071.ARW	DSC02071.avif
2025-04-13	/Volumes/home/Photos/Photography/2025/2025-04-13/DSC02287.ARW	DSC02287.avif
2025-04-13	/Volumes/home/Photos/Photography/2025/2025-04-13/DSC02297.ARW	DSC02297.avif
2025-04-13	/Volumes/home/Photos/Photography/2025/2025-04-13/DSC02308.ARW	DSC02308.avif
2025-04-13	/Volumes/home/Photos/Photography/2025/2025-04-13/DSC02328.ARW	DSC02328.avif
2025-04-13	/Volumes/home/Photos/Photography/2025/2025-04-13/DSC02332.ARW	DSC02332.avif
2025-04-13	/Volumes/home/Photos/Photography/2025/2025-04-13/DSC02337.ARW	DSC02337.avif
2025-04-13	/Volumes/home/Photos/Photography/2025/2025-04-13/DSC02346.ARW	DSC02346.avif
2025-04-13	/Volumes/home/Photos/Photography/2025/2025-04-13/DSC02375.ARW	DSC02375.avif
2025-04-13	/Volumes/home/Photos/Photography/2025/2025-04-13/DSC02401.ARW	DSC02401.avif
2025-04-13	/Volumes/home/Photos/Photography/2025/2025-04-13/DSC02416.ARW	DSC02416.avif
2025-04-13	/Volumes/home/Photos/Photography/2025/2025-04-13/DSC02418.ARW	DSC02418.avif
2025-04-13	/Volumes/home/Photos/Photography/2025/2025-04-13/DSC02419.ARW	DSC02419.avif
2025-04-13	/Volumes/home/Photos/Photography/2025/2025-04-13/DSC02429.ARW	DSC02429.avif
2025-04-13	/Volumes/home/Photos/Photography/2025/2025-04-13/DSC02432.ARW	DSC02432.avif
2025-04-13	/Volumes/home/Photos/Photography/2025/2025-04-13/DSC02443.ARW	DSC02443.avif
2025-04-13	/Volumes/home/Photos/Photography/2025/2025-04-13/DSC02444.ARW	DSC02444.avif
2025-04-13	/Volumes/home/Photos/Photography/2025/2025-04-13/DSC02448.ARW	DSC02448.avif
2025-04-13	/Volumes/home/Photos/Photography/2025/2025-04-13/DSC02474.ARW	DSC02474.avif
2025-04-13	/Volumes/home/Photos/Photography/2025/2025-04-13/DSC02483.ARW	DSC02483.avif
2025-04-13	/Volumes/home/Photos/Photography/2025/2025-04-13/DSC02503.ARW	DSC02503.avif
2025-04-13	/Volumes/home/Photos/Photography/2025/2025-04-13/DSC02506.ARW	DSC02506.avif
2025-04-13	/Volumes/home/Photos/Photography/2025/2025-04-13/DSC02611.ARW	DSC02611.avif
2025-04-13	/Volumes/home/Photos/Photography/2025/2025-04-13/DSC02612.ARW	DSC02612.avif
2025-04-13	/Volumes/home/Photos/Photography/2025/2025-04-13/DSC02625.ARW	DSC02625.avif
2025-04-13	/Volumes/home/Photos/Photography/2025/2025-04-13/DSC02641.ARW	DSC02641.avif
2025-04-13	/Volumes/home/Photos/Photography/2025/2025-04-13/DSC02653.ARW	DSC02653.avif
2025-04-13	/Volumes/home/Photos/Photography/2025/2025-04-13/DSC02701.ARW	DSC02701.avif
2025-04-13	/Volumes/home/Photos/Photography/2025/2025-04-13/DSC02709.ARW	DSC02709.avif
2025-04-13	/Volumes/home/Photos/Photography/2025/2025-04-13/DSC02765.ARW	DSC02765.avif
2025-04-13	/Volumes/home/Photos/Photography/2025/2025-04-13/DSC02780.ARW	DSC02780.avif
2025-04-13	/Volumes/home/Photos/Photography/2025/2025-04-13/DSC02781.ARW	DSC02781.avif
2025-04-13	/Volumes/home/Photos/Photography/2025/2025-04-13/DSC02782.ARW	DSC02782.avif
2025-04-13	/Volumes/home/Photos/Photography/2025/2025-04-13/DSC02783.ARW	DSC02783.avif
2025-04-13	/Volumes/home/Photos/Photography/2025/2025-04-13/DSC02784.ARW	DSC02784.avif
2025-04-13	/Volumes/home/Photos/Photography/2025/2025-04-13/DSC02786.ARW	DSC02786.avif
2025-04-13	/Volumes/home/Photos/Photography/2025/2025-04-13/DSC02787.ARW	DSC02787.avif
2025-04-13	/Volumes/home/Photos/Photography/2025/2025-04-13/DSC02855.ARW	DSC02855.avif
2025-04-13	/Volumes/home/Photos/Photography/2025/2025-04-13/DSC02888.ARW	DSC02888.avif
2025-04-13	/Volumes/home/Photos/Photography/2025/2025-04-13/DSC03034.ARW	DSC03034.avif
2025-04-13	/Volumes/home/Photos/Photography/2025/2025-04-13/DSC03064.ARW	DSC03064.avif
2025-04-13	/Volumes/home/Photos/Photography/2025/2025-04-13/DSC03204.ARW	DSC03204.avif
2025-04-13	/Volumes/home/Photos/Photography/2025/2025-04-13/DSC03207.ARW	DSC03207.avif
2025-04-13	/Volumes/home/Photos/Photography/2025/2025-04-13/DSC03384.ARW	DSC03384.avif
2025-04-13	/Volumes/home/Photos/Photography/2025/2025-04-13/DSC03398.ARW	DSC03398.avif
2025-04-13	/Volumes/home/Photos/Photography/2025/2025-04-13/DSC03488.ARW	DSC03488.avif
2025-04-13	/Volumes/home/Photos/Photography/2025/2025-04-13/DSC03554.ARW	DSC03554.avif
2025-04-13	/Volumes/home/Photos/Photography/2025/2025-04-13/DSC03557.ARW	DSC03557.avif
2025-04-13	/Volumes/home/Photos/Photography/2025/2025-04-13/DSC03656.ARW	DSC03656.avif
2025-04-13	/Volumes/home/Photos/Photography/2025/2025-04-13/DSC03667.ARW	DSC03667.avif
2025-04-13	/Volumes/home/Photos/Photography/2025/2025-04-13/DSC03672.ARW	DSC03672.avif
2025-04-13	/Volumes/home/Photos/Photography/2025/2025-04-13/DSC03680.ARW	DSC03680.avif
2025-04-13	/Volumes/home/Photos/Photography/2025/2025-04-13/DSC03698.ARW	DSC03698.avif
2025-04-13	/Volumes/home/Photos/Photography/2025/2025-04-13/DSC03704.ARW	DSC03704.avif
2025-04-13	/Volumes/home/Photos/Photography/2025/2025-04-13/DSC03712.ARW	DSC03712.avif
2025-04-13	/Volumes/home/Photos/Photography/2025/2025-04-13/DSC03722.ARW	DSC03722.avif
2025-04-13	/Volumes/home/Photos/Photography/2025/2025-04-13/DSC03725.ARW	DSC03725.avif
2025-04-13	/Volumes/home/Photos/Photography/2025/2025-04-13/DSC03727.ARW	DSC03727.avif
2025-04-24	/Volumes/home/Photos/Photography/2025/2025-04-24/DSC03770.ARW	DSC03770.avif
2025-04-24	/Volumes/home/Photos/Photography/2025/2025-04-24/DSC03783.ARW	DSC03783.avif
2025-04-24	/Volumes/home/Photos/Photography/2025/2025-04-24/DSC03795.ARW	DSC03795.avif
2025-04-24	/Volumes/home/Photos/Photography/2025/2025-04-24/DSC03796.ARW	DSC03796.avif
2025-04-24	/Volumes/home/Photos/Photography/2025/2025-04-24/DSC03799.ARW	DSC03799.avif
2025-04-24	/Volumes/home/Photos/Photography/2025/2025-04-24/DSC03803.ARW	DSC03803.avif
2025-04-24	/Volumes/home/Photos/Photography/2025/2025-04-24/DSC03816.ARW	DSC03816.avif
2025-04-24	/Volumes/home/Photos/Photography/2025/2025-04-24/DSC03818.ARW	DSC03818.avif
2025-04-24	/Volumes/home/Photos/Photography/2025/2025-04-24/DSC03840.ARW	DSC03840.avif
2025-04-24	/Volumes/home/Photos/Photography/2025/2025-04-24/DSC03857.ARW	DSC03857.avif
2025-04-24	/Volumes/home/Photos/Photography/2025/2025-04-24/DSC03860.ARW	DSC03860.avif
2025-04-24	/Volumes/home/Photos/Photography/2025/2025-04-24/DSC03862.ARW	DSC03862.avif
2025-04-24	/Volumes/home/Photos/Photography/2025/2025-04-24/DSC03877.ARW	DSC03877.avif
2025-04-24	/Volumes/home/Photos/Photography/2025/2025-04-24/DSC03913.ARW	DSC03913.avif
2025-04-24	/Volumes/home/Photos/Photography/2025/2025-04-24/DSC03998.ARW	DSC03998.avif
2025-04-24	/Volumes/home/Photos/Photography/2025/2025-04-24/DSC04015.ARW	DSC04015.avif
2025-04-24	/Volumes/home/Photos/Photography/2025/2025-04-24/DSC04051-2.ARW	DSC04051-2.avif
2025-04-24	/Volumes/home/Photos/Photography/2025/2025-04-24/DSC04114.ARW	DSC04114.avif
2025-04-24	/Volumes/home/Photos/Photography/2025/2025-04-24/DSC04124.ARW	DSC04124.avif
2025-04-24	/Volumes/home/Photos/Photography/2025/2025-04-24/DSC04140.ARW	DSC04140.avif
2025-04-24	/Volumes/home/Photos/Photography/2025/2025-04-24/DSC04141.ARW	DSC04141.avif
2025-04-24	/Volumes/home/Photos/Photography/2025/2025-04-24/DSC04154-2.ARW	DSC04154-2.avif
2025-04-24	/Volumes/home/Photos/Photography/2025/2025-04-24/DSC04195.ARW	DSC04195.avif
2025-04-24	/Volumes/home/Photos/Photography/2025/2025-04-24/DSC04208.ARW	DSC04208.avif
2025-04-24	/Volumes/home/Photos/Photography/2025/2025-04-24/DSC04241.ARW	DSC04241.avif
2025-04-24	/Volumes/home/Photos/Photography/2025/2025-04-24/DSC04262.ARW	DSC04262.avif
2025-04-24	/Volumes/home/Photos/Photography/2025/2025-04-24/DSC04266.ARW	DSC04266.avif
2025-04-24	/Volumes/home/Photos/Photography/2025/2025-04-24/DSC04295.ARW	DSC04295.avif
2025-04-24	/Volumes/home/Photos/Photography/2025/2025-04-24/DSC04305.ARW	DSC04305.avif
2025-04-24	/Volumes/home/Photos/Photography/2025/2025-04-24/DSC04349.ARW	DSC04349.avif
2025-04-24	/Volumes/home/Photos/Photography/2025/2025-04-24/DSC04363.ARW	DSC04363.avif
2025-04-24	/Volumes/home/Photos/Photography/2025/2025-04-24/DSC04381.ARW	DSC04381.avif
2025-04-24	/Volumes/home/Photos/Photography/2025/2025-04-24/DSC04385.ARW	DSC04385.avif
2025-04-24	/Volumes/home/Photos/Photography/2025/2025-04-24/DSC04389-2.ARW	DSC04389-2.avif
2025-04-24	/Volumes/home/Photos/Photography/2025/2025-04-24/DSC04402.ARW	DSC04402.avif
2025-04-24	/Volumes/home/Photos/Photography/2025/2025-04-24/DSC04417.ARW	DSC04417.avif
2025-04-24	/Volumes/home/Photos/Photography/2025/2025-04-24/DSC04431.ARW	DSC04431.avif
2025-04-24	/Volumes/home/Photos/Photography/2025/2025-04-24/DSC04437.ARW	DSC04437.avif
2025-04-24	/Volumes/home/Photos/Photography/2025/2025-04-24/DSC04438.ARW	DSC04438.avif
2025-04-24	/Volumes/home/Photos/Photography/2025/2025-04-24/DSC04440.ARW	DSC04440.avif
2025-04-24	/Volumes/home/Photos/Photography/2025/2025-04-24/DSC04451.ARW	DSC04451.avif
2025-04-24	/Volumes/home/Photos/Photography/2025/2025-04-24/DSC04452.ARW	DSC04452.avif
2025-04-24	/Volumes/home/Photos/Photography/2025/2025-04-24/DSC04469-2.ARW	DSC04469-2.avif
2025-04-24	/Volumes/home/Photos/Photography/2025/2025-04-24/DSC04470.ARW	DSC04470.avif
2025-04-24	/Volumes/home/Photos/Photography/2025/2025-04-24/DSC04474-2.ARW	DSC04474-2.avif
2025-04-24	/Volumes/home/Photos/Photography/2025/2025-04-24/DSC04479-2.ARW	DSC04479-2.avif
2025-04-24	/Volumes/home/Photos/Photography/2025/2025-04-24/DSC04502.ARW	DSC04502.avif
2025-04-24	/Volumes/home/Photos/Photography/2025/2025-04-24/DSC04521.ARW	DSC04521.avif
2025-04-24	/Volumes/home/Photos/Photography/2025/2025-04-24/DSC04542.ARW	DSC04542.avif
2025-04-24	/Volumes/home/Photos/Photography/2025/2025-04-24/DSC04574.ARW	DSC04574.avif
2025-04-24	/Volumes/home/Photos/Photography/2025/2025-04-24/DSC04611.ARW	DSC04611.avif
2025-04-24	/Volumes/home/Photos/Photography/2025/2025-04-24/DSC04615.ARW	DSC04615.avif
2025-04-24	/Volumes/home/Photos/Photography/2025/2025-04-24/DSC04646.ARW	DSC04646.avif
2025-04-24	/Volumes/home/Photos/Photography/2025/2025-04-24/DSC04654.ARW	DSC04654.avif
2025-04-24	/Volumes/home/Photos/Photography/2025/2025-04-24/DSC04679.ARW	DSC04679.avif
2025-04-24	/Volumes/home/Photos/Photography/2025/2025-04-24/DSC04688.ARW	DSC04688.avif
2025-04-24	/Volumes/home/Photos/Photography/2025/2025-04-24/DSC04716.ARW	DSC04716.avif
2025-04-24	/Volumes/home/Photos/Photography/2025/2025-04-24/DSC04786.ARW	DSC04786.avif
2025-04-24	/Volumes/home/Photos/Photography/2025/2025-04-24/DSC04789.ARW	DSC04789.avif
2025-04-24	/Volumes/home/Photos/Photography/2025/2025-04-24/DSC04792.ARW	DSC04792.avif
2025-04-24	/Volumes/home/Photos/Photography/2025/2025-04-24/DSC04803-2.ARW	DSC04803-2.avif
2025-04-24	/Volumes/home/Photos/Photography/2025/2025-04-24/DSC04804.ARW	DSC04804.avif
2025-04-24	/Volumes/home/Photos/Photography/2025/2025-04-24/DSC04813.ARW	DSC04813.avif
2025-04-24	/Volumes/home/Photos/Photography/2025/2025-04-24/DSC04862.ARW	DSC04862.avif
2025-04-24	/Volumes/home/Photos/Photography/2025/2025-04-24/DSC04899.ARW	DSC04899.avif
2025-04-24	/Volumes/home/Photos/Photography/2025/2025-04-24/DSC04901.ARW	DSC04901.avif
2025-04-24	/Volumes/home/Photos/Photography/2025/2025-04-24/DSC04903.ARW	DSC04903.avif
2025-04-24	/Volumes/home/Photos/Photography/2025/2025-04-24/DSC04906.ARW	DSC04906.avif
2025-04-24	/Volumes/home/Photos/Photography/2025/2025-04-24/DSC04907.ARW	DSC04907.avif
2025-04-24	/Volumes/home/Photos/Photography/2025/2025-04-24/DSC04916.ARW	DSC04916.avif
2025-04-24	/Volumes/home/Photos/Photography/2025/2025-04-24/DSC04918.ARW	DSC04918.avif
2025-04-24	/Volumes/home/Photos/Photography/2025/2025-04-24/DSC04963.ARW	DSC04963.avif
2025-04-24	/Volumes/home/Photos/Photography/2025/2025-04-24/DSC04982.ARW	DSC04982.avif
2025-04-24	/Volumes/home/Photos/Photography/2025/2025-04-24/DSC05028.ARW	DSC05028.avif
2025-04-24	/Volumes/home/Photos/Photography/2025/2025-04-24/DSC05032.ARW	DSC05032.avif
2025-04-24	/Volumes/home/Photos/Photography/2025/2025-04-24/DSC05062.ARW	DSC05062.avif
2025-04-24	/Volumes/home/Photos/Photography/2025/2025-04-24/DSC05064.ARW	DSC05064.avif
2025-04-24	/Volumes/home/Photos/Photography/2025/2025-04-24/DSC05083.ARW	DSC05083.avif
2025-04-24	/Volumes/home/Photos/Photography/2025/2025-04-24/DSC05087.ARW	DSC05087.avif
2025-04-24	/Volumes/home/Photos/Photography/2025/2025-04-24/DSC05094-2.ARW	DSC05094-2.avif
2025-04-24	/Volumes/home/Photos/Photography/2025/2025-04-24/DSC05123.ARW	DSC05123.avif
2025-04-24	/Volumes/home/Photos/Photography/2025/2025-04-24/DSC05238.ARW	DSC05238.avif
2025-04-24	/Volumes/home/Photos/Photography/2025/2025-04-24/DSC05265.ARW	DSC05265.avif
2025-04-26	/Volumes/home/Photos/Photography/2025/2025-04-26/DSC05398-2.ARW	DSC05398-2.avif
2025-04-26	/Volumes/home/Photos/Photography/2025/2025-04-26/DSC05399.ARW	DSC05399.avif
2025-04-26	/Volumes/home/Photos/Photography/2025/2025-04-26/DSC05400-2.ARW	DSC05400-2.avif
2025-04-26	/Volumes/home/Photos/Photography/2025/2025-04-26/DSC05401-2.ARW	DSC05401-2.avif
2025-04-26	/Volumes/home/Photos/Photography/2025/2025-04-26/DSC05403-2.ARW	DSC05403-2.avif
2025-04-26	/Volumes/home/Photos/Photography/2025/2025-04-26/DSC05404-2.ARW	DSC05404-2.avif
2025-04-26	/Volumes/home/Photos/Photography/2025/2025-04-26/DSC05415-2.ARW	DSC05415-2.avif
2025-04-26	/Volumes/home/Photos/Photography/2025/2025-04-26/DSC05438-2.ARW	DSC05438-2.avif
2025-04-26	/Volumes/home/Photos/Photography/2025/2025-04-26/DSC05449-2.ARW	DSC05449-2.avif
2025-04-26	/Volumes/home/Photos/Photography/2025/2025-04-26/DSC05456-2.ARW	DSC05456-2.avif
2025-11-01	/Volumes/home/Photos/Photography/2025/2025-11-01/DSC00299.ARW	DSC00299.avif
2025-11-01	/Volumes/home/Photos/Photography/2025/2025-11-01/DSC00311.ARW	DSC00311.avif
2025-11-01	/Volumes/home/Photos/Photography/2025/2025-11-01/DSC00312.ARW	DSC00312.avif
2025-11-01	/Volumes/home/Photos/Photography/2025/2025-11-01/DSC00330.ARW	DSC00330.avif
2025-11-01	/Volumes/home/Photos/Photography/2025/2025-11-01/DSC00362.ARW	DSC00362.avif
2025-11-01	/Volumes/home/Photos/Photography/2025/2025-11-01/DSC00385.ARW	DSC00385.avif
2025-11-01	/Volumes/home/Photos/Photography/2025/2025-11-01/DSC00402.ARW	DSC00402.avif
2025-11-01	/Volumes/home/Photos/Photography/2025/2025-11-01/DSC00418.ARW	DSC00418.avif
2025-11-01	/Volumes/home/Photos/Photography/2025/2025-11-01/DSC00428.ARW	DSC00428.avif
2025-11-01	/Volumes/home/Photos/Photography/2025/2025-11-01/DSC00432.ARW	DSC00432.avif
2025-11-01	/Volumes/home/Photos/Photography/2025/2025-11-01/DSC00443.ARW	DSC00443.avif
2025-11-01	/Volumes/home/Photos/Photography/2025/2025-11-01/DSC00457.ARW	DSC00457.avif
2025-11-01	/Volumes/home/Photos/Photography/2025/2025-11-01/DSC00502.ARW	DSC00502.avif
2025-11-01	/Volumes/home/Photos/Photography/2025/2025-11-01/DSC00560.ARW	DSC00560.avif
